<?xml version="1.0" encoding="UTF-8"?>
<project-private xmlns="http://www.netbeans.org/ns/project-private/1">
    <editor-bookmarks xmlns="http://www.netbeans.org/ns/editor-bookmarks/2" lastBookmarkId="0"/>
    <open-files xmlns="http://www.netbeans.org/ns/projectui-open-files/2">
        <group>
            <file>file:/Users/pim/Desktop/OOSD-4-1/src/Controller/ReserveController.java</file>
            <file>file:/Users/pim/Desktop/OOSD-4-1/src/View/Beverage.java</file>
            <file>file:/Users/pim/Desktop/OOSD-4-1/src/View/Reserve.java</file>
            <file>file:/Users/pim/Desktop/OOSD-4-1/src/View/Snack.java</file>
            <file>file:/Users/pim/Desktop/OOSD-4-1/src/View/Food.java</file>
        </group>
    </open-files>
</project-private>
